run_idx,scheduler_mode,scheduling_policy_value,arrival_rate_rps,max_batch_size,batch_timeout_ms,batch_id,dispatch_time_ms,finish_time_ms,batch_size,batch_runtime_ms,prompt_len,max_new_tokens,tokens_generated_total,phase,tokens_scheduled,active_requests,padding_waste_tokens,padding_waste_bytes_est,padding_waste_pct
0,dynamic,0.0,4.0,2,0.0,0,0.0,951.8581320012345,1,951.8581320012345,134,67,67,dynamic,67,1,0,0,0.0
0,dynamic,0.0,4.0,2,0.0,1,951.8581320012345,1289.7154640018016,2,337.8573320005671,61,29,50,dynamic,50,2,2,49152,1.639344262295082
0,dynamic,0.0,4.0,2,0.0,2,1289.7154640018016,2375.8066659993347,2,1086.091201997533,470,92,149,dynamic,149,2,199,4890624,21.170212765957448
0,dynamic,0.0,4.0,2,0.0,3,2375.8066659993347,2787.510359999942,2,411.70369400060736,159,37,53,dynamic,53,2,57,1400832,17.92452830188679
0,dynamic,0.0,4.0,2,0.0,4,2787.510359999942,3174.8520189999,1,387.3416589999579,145,37,37,dynamic,37,1,0,0,0.0
0,static,0.0,4.0,2,-1.0,0,70.2235749988963,786.8445879969718,2,716.6210129980755,134,67,88,whole_request,88,2,73,1794048,27.238805970149254
0,static,0.0,4.0,2,-1.0,1,786.8445879969718,1416.0699799961426,2,629.2253919991708,271,57,86,whole_request,86,2,212,5210112,39.11439114391144
0,static,0.0,4.0,2,-1.0,2,1416.0699799961426,2433.7991649956953,2,1017.7291849995527,470,92,108,whole_request,108,2,311,7643136,33.08510638297872
0,static,0.0,4.0,2,-1.0,3,2433.7991649956953,2869.4296139945313,2,435.6304489988361,145,37,74,whole_request,74,2,43,1056768,14.827586206896552
0,continuous,32.0,4.0,2,-1.0,0,0.0,19.189285000265954,1,19.189285000265954,134,67,32,prefill,32,1,0,0,0.0
0,continuous,32.0,4.0,2,-1.0,1,19.189285000265954,30.965934000505513,1,11.776649000239559,134,67,32,prefill,32,1,0,0,0.0
0,continuous,32.0,4.0,2,-1.0,2,30.965934000505513,43.29931700021916,1,12.333382999713649,134,67,32,prefill,32,1,0,0,0.0
0,continuous,32.0,4.0,2,-1.0,3,43.29931700021916,55.55157600019811,1,12.252258999978949,134,67,32,prefill,32,1,0,0,0.0
0,continuous,32.0,4.0,2,-1.0,4,55.55157600019811,73.62709400013046,1,18.075517999932345,134,67,6,prefill,6,1,0,0,0.0
0,continuous,32.0,4.0,2,-1.0,5,73.62709400013046,79.55265300006431,1,5.925558999933855,61,21,32,prefill,32,2,0,0,0.0
0,continuous,32.0,4.0,2,-1.0,6,79.55265300006431,91.7574930003866,1,12.204840000322292,61,21,29,prefill,29,2,0,0,0.0
0,continuous,32.0,4.0,2,-1.0,7,91.7574930003866,103.3296260006864,2,11.5721330002998,134,67,2,decode,2,2,0,0,0.0
0,continuous,32.0,4.0,2,-1.0,8,103.3296260006864,114.89796600062618,2,11.56833999993978,134,67,2,decode,2,2,0,0,0.0
0,continuous,32.0,4.0,2,-1.0,9,114.89796600062618,126.54098100028932,2,11.643014999663137,134,67,2,decode,2,2,0,0,0.0
0,continuous,32.0,4.0,2,-1.0,10,126.54098100028932,138.29426800020883,2,11.75328699991951,134,67,2,decode,2,2,0,0,0.0
0,continuous,32.0,4.0,2,-1.0,11,138.29426800020883,149.8930380003003,2,11.598770000091463,134,67,2,decode,2,2,0,0,0.0
0,continuous,32.0,4.0,2,-1.0,12,149.8930380003003,161.22968400031823,2,11.336646000017936,134,67,2,decode,2,2,0,0,0.0
0,continuous,32.0,4.0,2,-1.0,13,161.22968400031823,173.0198840000412,2,11.790199999722972,134,67,2,decode,2,2,0,0,0.0
0,continuous,32.0,4.0,2,-1.0,14,173.0198840000412,184.9340349999693,2,11.914150999928097,134,67,2,decode,2,2,0,0,0.0
0,continuous,32.0,4.0,2,-1.0,15,184.9340349999693,196.47459199995865,2,11.540556999989349,134,67,2,decode,2,2,0,0,0.0
0,continuous,32.0,4.0,2,-1.0,16,196.47459199995865,207.93900399985432,2,11.464411999895674,134,67,2,decode,2,2,0,0,0.0
0,continuous,32.0,4.0,2,-1.0,17,207.93900399985432,219.9904079998305,2,12.051403999976174,134,67,2,decode,2,2,0,0,0.0
0,continuous,32.0,4.0,2,-1.0,18,219.9904079998305,231.518036000125,2,11.527628000294499,134,67,2,decode,2,2,0,0,0.0
0,continuous,32.0,4.0,2,-1.0,19,231.518036000125,242.93275099989842,2,11.414714999773423,134,67,2,decode,2,2,0,0,0.0
0,continuous,32.0,4.0,2,-1.0,20,242.93275099989842,254.37495899996065,2,11.442208000062237,134,67,2,decode,2,2,0,0,0.0
0,continuous,32.0,4.0,2,-1.0,21,254.37495899996065,266.0481399998389,2,11.673180999878241,134,67,2,decode,2,2,0,0,0.0
0,continuous,32.0,4.0,2,-1.0,22,266.0481399998389,277.53748899976927,2,11.489348999930371,134,67,2,decode,2,2,0,0,0.0
0,continuous,32.0,4.0,2,-1.0,23,277.53748899976927,289.17287099966416,2,11.63538199989489,134,67,2,decode,2,2,0,0,0.0
0,continuous,32.0,4.0,2,-1.0,24,289.17287099966416,300.5113459994391,2,11.338474999774917,134,67,2,decode,2,2,0,0,0.0
0,continuous,32.0,4.0,2,-1.0,25,300.5113459994391,312.3089249993427,2,11.797578999903635,134,67,2,decode,2,2,0,0,0.0
0,continuous,32.0,4.0,2,-1.0,26,312.3089249993427,324.30078499919546,2,11.99185999985275,134,67,2,decode,2,1,0,0,0.0
0,continuous,32.0,4.0,2,-1.0,27,324.30078499919546,330.26284999914424,1,5.96206499994878,59,29,32,prefill,32,2,0,0,0.0
0,continuous,32.0,4.0,2,-1.0,28,330.26284999914424,343.0276869989939,1,12.76483699984965,59,29,27,prefill,27,2,0,0,0.0
0,continuous,32.0,4.0,2,-1.0,29,343.0276869989939,354.6958349988927,2,11.668147999898792,134,67,2,decode,2,2,0,0,0.0
0,continuous,32.0,4.0,2,-1.0,30,354.6958349988927,366.16283099874636,2,11.46699599985368,134,67,2,decode,2,2,0,0,0.0
0,continuous,32.0,4.0,2,-1.0,31,366.16283099874636,377.70444899842914,2,11.541617999682785,134,67,2,decode,2,2,0,0,0.0
0,continuous,32.0,4.0,2,-1.0,32,377.70444899842914,389.43938699821956,2,11.734937999790418,134,67,2,decode,2,2,0,0,0.0
0,continuous,32.0,4.0,2,-1.0,33,389.43938699821956,400.963410998429,2,11.524024000209465,134,67,2,decode,2,2,0,0,0.0
0,continuous,32.0,4.0,2,-1.0,34,400.963410998429,412.56060499836167,2,11.597193999932642,134,67,2,decode,2,2,0,0,0.0
0,continuous,32.0,4.0,2,-1.0,35,412.56060499836167,425.9977649985558,2,13.437160000194126,134,67,2,decode,2,2,0,0,0.0
0,continuous,32.0,4.0,2,-1.0,36,425.9977649985558,438.2859439983804,2,12.288178999824595,134,67,2,decode,2,2,0,0,0.0
0,continuous,32.0,4.0,2,-1.0,37,438.2859439983804,449.91537499845435,2,11.629431000073964,134,67,2,decode,2,2,0,0,0.0
0,continuous,32.0,4.0,2,-1.0,38,449.91537499845435,461.4670959981595,2,11.55172099970514,134,67,2,decode,2,2,0,0,0.0
0,continuous,32.0,4.0,2,-1.0,39,461.4670959981595,473.55390199845715,2,12.086806000297656,134,67,2,decode,2,2,0,0,0.0
0,continuous,32.0,4.0,2,-1.0,40,473.55390199845715,486.0270989984201,2,12.473196999962965,134,67,2,decode,2,2,0,0,0.0
0,continuous,32.0,4.0,2,-1.0,41,486.0270989984201,497.4469549983951,2,11.41985599997497,134,67,2,decode,2,2,0,0,0.0
0,continuous,32.0,4.0,2,-1.0,42,497.4469549983951,508.99376699817367,2,11.546811999778583,134,67,2,decode,2,2,0,0,0.0
0,continuous,32.0,4.0,2,-1.0,43,508.99376699817367,520.572329998231,2,11.57856300005733,134,67,2,decode,2,2,0,0,0.0
0,continuous,32.0,4.0,2,-1.0,44,520.572329998231,532.2555109983114,2,11.683181000080367,134,67,2,decode,2,2,0,0,0.0
0,continuous,32.0,4.0,2,-1.0,45,532.2555109983114,544.0861669981132,2,11.83065599980182,134,67,2,decode,2,2,0,0,0.0
0,continuous,32.0,4.0,2,-1.0,46,544.0861669981132,555.6875329980357,2,11.601365999922564,134,67,2,decode,2,2,0,0,0.0
0,continuous,32.0,4.0,2,-1.0,47,555.6875329980357,567.178013998273,2,11.490481000237196,134,67,2,decode,2,2,0,0,0.0
0,continuous,32.0,4.0,2,-1.0,48,567.178013998273,578.6187379981129,2,11.440723999839975,134,67,2,decode,2,2,0,0,0.0
0,continuous,32.0,4.0,2,-1.0,49,578.6187379981129,590.1993319985195,2,11.580594000406563,134,67,2,decode,2,2,0,0,0.0
0,continuous,32.0,4.0,2,-1.0,50,590.1993319985195,601.878223998483,2,11.678891999963525,134,67,2,decode,2,2,0,0,0.0
0,continuous,32.0,4.0,2,-1.0,51,601.878223998483,613.7139549982749,2,11.83573099979185,134,67,2,decode,2,2,0,0,0.0
0,continuous,32.0,4.0,2,-1.0,52,613.7139549982749,624.8983409982429,2,11.184385999968072,134,67,2,decode,2,2,0,0,0.0
0,continuous,32.0,4.0,2,-1.0,53,624.8983409982429,636.5659409984801,2,11.667600000237144,134,67,2,decode,2,2,0,0,0.0
0,continuous,32.0,4.0,2,-1.0,54,636.5659409984801,648.2932029985022,2,11.727262000022165,134,67,2,decode,2,2,0,0,0.0
0,continuous,32.0,4.0,2,-1.0,55,648.2932029985022,659.9204749986711,2,11.627272000168887,134,67,2,decode,2,2,0,0,0.0
0,continuous,32.0,4.0,2,-1.0,56,659.9204749986711,671.8127229987658,2,11.892248000094696,134,67,2,decode,2,1,0,0,0.0
0,continuous,32.0,4.0,2,-1.0,57,671.8127229987658,677.9370479989666,1,6.12432500020077,271,57,32,prefill,32,2,0,0,0.0
0,continuous,32.0,4.0,2,-1.0,58,677.9370479989666,689.7060949991101,1,11.769047000143473,271,57,32,prefill,32,2,0,0,0.0
0,continuous,32.0,4.0,2,-1.0,59,689.7060949991101,702.1211059991401,1,12.415011000030063,271,57,32,prefill,32,2,0,0,0.0
0,continuous,32.0,4.0,2,-1.0,60,702.1211059991401,714.413051999145,1,12.291946000004828,271,57,32,prefill,32,2,0,0,0.0
0,continuous,32.0,4.0,2,-1.0,61,714.413051999145,726.1546439990525,1,11.741591999907541,271,57,32,prefill,32,2,0,0,0.0
0,continuous,32.0,4.0,2,-1.0,62,726.1546439990525,738.225691999105,1,12.071048000052542,271,57,32,prefill,32,2,0,0,0.0
0,continuous,32.0,4.0,2,-1.0,63,738.225691999105,750.0550219988327,1,11.829329999727634,271,57,32,prefill,32,2,0,0,0.0
0,continuous,32.0,4.0,2,-1.0,64,750.0550219988327,762.3376079986883,1,12.282585999855655,271,57,30,prefill,30,2,0,0,0.0
0,continuous,32.0,4.0,2,-1.0,65,762.3376079986883,772.5096009990011,1,10.171993000312796,134,67,1,decode,1,2,0,0,0.0
0,continuous,32.0,4.0,2,-1.0,66,772.5096009990011,784.5867389992236,1,12.077138000222476,271,57,17,prefill,17,2,0,0,0.0
0,continuous,32.0,4.0,2,-1.0,67,784.5867389992236,795.9325999991052,2,11.345860999881552,271,67,2,decode,2,2,0,0,0.0
0,continuous,32.0,4.0,2,-1.0,68,795.9325999991052,807.6126599989948,2,11.680059999889636,271,67,2,decode,2,2,0,0,0.0
0,continuous,32.0,4.0,2,-1.0,69,807.6126599989948,819.0947379989666,2,11.482077999971807,271,67,2,decode,2,2,0,0,0.0
0,continuous,32.0,4.0,2,-1.0,70,819.0947379989666,830.7281919987872,2,11.633453999820631,271,67,2,decode,2,2,0,0,0.0
0,continuous,32.0,4.0,2,-1.0,71,830.7281919987872,842.3299239989319,2,11.601732000144693,271,67,2,decode,2,2,0,0,0.0
0,continuous,32.0,4.0,2,-1.0,72,842.3299239989319,853.882556998542,2,11.552632999610069,271,67,2,decode,2,2,0,0,0.0
0,continuous,32.0,4.0,2,-1.0,73,853.882556998542,865.4443789982906,2,11.561821999748645,271,67,2,decode,2,2,0,0,0.0
0,continuous,32.0,4.0,2,-1.0,74,865.4443789982906,877.2167329984768,2,11.77235400018617,271,67,2,decode,2,2,0,0,0.0
0,continuous,32.0,4.0,2,-1.0,75,877.2167329984768,890.3910529984387,2,13.174319999961881,271,67,2,decode,2,2,0,0,0.0
0,continuous,32.0,4.0,2,-1.0,76,890.3910529984387,903.7044219985546,2,13.313369000115927,271,67,2,decode,2,2,0,0,0.0
0,continuous,32.0,4.0,2,-1.0,77,903.7044219985546,915.3774449987395,2,11.673023000184912,271,67,2,decode,2,2,0,0,0.0
0,continuous,32.0,4.0,2,-1.0,78,915.3774449987395,927.1434169986605,2,11.765971999921021,271,67,2,decode,2,2,0,0,0.0
0,continuous,32.0,4.0,2,-1.0,79,927.1434169986605,939.0671749983994,2,11.923757999738882,271,67,2,decode,2,2,0,0,0.0
0,continuous,32.0,4.0,2,-1.0,80,939.0671749983994,950.687844998356,2,11.62066999995659,271,67,2,decode,2,2,0,0,0.0
0,continuous,32.0,4.0,2,-1.0,81,950.687844998356,962.31267399844,2,11.624829000083992,271,67,2,decode,2,2,0,0,0.0
0,continuous,32.0,4.0,2,-1.0,82,962.31267399844,973.9547979984309,2,11.642123999990872,271,67,2,decode,2,2,0,0,0.0
0,continuous,32.0,4.0,2,-1.0,83,973.9547979984309,985.5072999985168,2,11.552502000085951,271,67,2,decode,2,1,0,0,0.0
0,continuous,32.0,4.0,2,-1.0,84,985.5072999985168,991.551333998359,1,6.044033999842213,470,92,32,prefill,32,2,0,0,0.0
0,continuous,32.0,4.0,2,-1.0,85,991.551333998359,1003.3866909984681,1,11.83535700010907,470,92,32,prefill,32,2,0,0,0.0
0,continuous,32.0,4.0,2,-1.0,86,1003.3866909984681,1014.9863999986337,1,11.599709000165603,470,92,32,prefill,32,2,0,0,0.0
0,continuous,32.0,4.0,2,-1.0,87,1014.9863999986337,1026.80019699892,1,11.813797000286286,470,92,32,prefill,32,2,0,0,0.0
0,continuous,32.0,4.0,2,-1.0,88,1026.80019699892,1038.7680299986641,1,11.967832999744132,470,92,32,prefill,32,2,0,0,0.0
0,continuous,32.0,4.0,2,-1.0,89,1038.7680299986641,1051.082152998788,1,12.3141230001238,470,92,32,prefill,32,2,0,0,0.0
0,continuous,32.0,4.0,2,-1.0,90,1051.082152998788,1063.1458259990723,1,12.063673000284325,470,92,32,prefill,32,2,0,0,0.0
0,continuous,32.0,4.0,2,-1.0,91,1063.1458259990723,1075.8317779991557,1,12.685952000083489,470,92,30,prefill,30,2,0,0,0.0
0,continuous,32.0,4.0,2,-1.0,92,1075.8317779991557,1086.6329729992685,1,10.801195000112784,271,57,1,decode,1,2,0,0,0.0
0,continuous,32.0,4.0,2,-1.0,93,1086.6329729992685,1099.5806549990448,1,12.94768199977625,470,92,32,prefill,32,2,0,0,0.0
0,continuous,32.0,4.0,2,-1.0,94,1099.5806549990448,1112.5476769993838,1,12.967022000339057,470,92,32,prefill,32,2,0,0,0.0
0,continuous,32.0,4.0,2,-1.0,95,1112.5476769993838,1126.0378749993833,1,13.49019799999951,470,92,32,prefill,32,2,0,0,0.0
0,continuous,32.0,4.0,2,-1.0,96,1126.0378749993833,1139.2041209996933,1,13.166246000309911,470,92,32,prefill,32,2,0,0,0.0
0,continuous,32.0,4.0,2,-1.0,97,1139.2041209996933,1151.7358419996526,1,12.531720999959362,470,92,32,prefill,32,2,0,0,0.0
0,continuous,32.0,4.0,2,-1.0,98,1151.7358419996526,1164.6410289995401,1,12.905186999887519,470,92,32,prefill,32,2,0,0,0.0
0,continuous,32.0,4.0,2,-1.0,99,1164.6410289995401,1178.038268999444,1,13.397239999903832,470,92,24,prefill,24,2,0,0,0.0
0,continuous,32.0,4.0,2,-1.0,100,1178.038268999444,1189.9270889994114,2,11.888819999967382,470,92,2,decode,2,2,0,0,0.0
0,continuous,32.0,4.0,2,-1.0,101,1189.9270889994114,1201.8794589994286,2,11.952370000017254,470,92,2,decode,2,2,0,0,0.0
0,continuous,32.0,4.0,2,-1.0,102,1201.8794589994286,1213.8481029992363,2,11.968643999807682,470,92,2,decode,2,2,0,0,0.0
0,continuous,32.0,4.0,2,-1.0,103,1213.8481029992363,1225.6338809993395,2,11.785778000103164,470,92,2,decode,2,2,0,0,0.0
0,continuous,32.0,4.0,2,-1.0,104,1225.6338809993395,1237.6004889993055,2,11.966607999966072,470,92,2,decode,2,2,0,0,0.0
0,continuous,32.0,4.0,2,-1.0,105,1237.6004889993055,1249.6685099990827,2,12.068020999777218,470,92,2,decode,2,2,0,0,0.0
0,continuous,32.0,4.0,2,-1.0,106,1249.6685099990827,1261.8377659991893,2,12.169256000106543,470,92,2,decode,2,2,0,0,0.0
0,continuous,32.0,4.0,2,-1.0,107,1261.8377659991893,1273.552027999358,2,11.714262000168674,470,92,2,decode,2,2,0,0,0.0
0,continuous,32.0,4.0,2,-1.0,108,1273.552027999358,1285.5754359993625,2,12.023408000004565,470,92,2,decode,2,2,0,0,0.0
0,continuous,32.0,4.0,2,-1.0,109,1285.5754359993625,1297.2791089991915,2,11.703672999828996,470,92,2,decode,2,2,0,0,0.0
0,continuous,32.0,4.0,2,-1.0,110,1297.2791089991915,1309.0435029994296,2,11.764394000238099,470,92,2,decode,2,2,0,0,0.0
0,continuous,32.0,4.0,2,-1.0,111,1309.0435029994296,1320.6928089994108,2,11.649305999981152,470,92,2,decode,2,2,0,0,0.0
0,continuous,32.0,4.0,2,-1.0,112,1320.6928089994108,1332.621222999478,2,11.928414000067278,470,92,2,decode,2,2,0,0,0.0
0,continuous,32.0,4.0,2,-1.0,113,1332.621222999478,1344.5785449998766,2,11.957322000398563,470,92,2,decode,2,2,0,0,0.0
0,continuous,32.0,4.0,2,-1.0,114,1344.5785449998766,1356.3512499999888,2,11.772705000112182,470,92,2,decode,2,2,0,0,0.0
0,continuous,32.0,4.0,2,-1.0,115,1356.3512499999888,1368.3951799998795,2,12.043929999890679,470,92,2,decode,2,2,0,0,0.0
0,continuous,32.0,4.0,2,-1.0,116,1368.3951799998795,1379.9934329999815,2,11.598253000101977,470,92,2,decode,2,2,0,0,0.0
0,continuous,32.0,4.0,2,-1.0,117,1379.9934329999815,1391.6482059998998,2,11.65477299991835,470,92,2,decode,2,2,0,0,0.0
0,continuous,32.0,4.0,2,-1.0,118,1391.6482059998998,1403.4871559997555,2,11.838949999855686,470,92,2,decode,2,2,0,0,0.0
0,continuous,32.0,4.0,2,-1.0,119,1403.4871559997555,1415.5909129995052,2,12.103756999749749,470,92,2,decode,2,2,0,0,0.0
0,continuous,32.0,4.0,2,-1.0,120,1415.5909129995052,1427.8899389996695,2,12.299026000164304,470,92,2,decode,2,2,0,0,0.0
0,continuous,32.0,4.0,2,-1.0,121,1427.8899389996695,1439.5041409998157,2,11.614202000146179,470,92,2,decode,2,2,0,0,0.0
0,continuous,32.0,4.0,2,-1.0,122,1439.5041409998157,1451.5747479999845,2,12.07060700016882,470,92,2,decode,2,2,0,0,0.0
0,continuous,32.0,4.0,2,-1.0,123,1451.5747479999845,1463.5035360001893,2,11.928788000204804,470,92,2,decode,2,2,0,0,0.0
0,continuous,32.0,4.0,2,-1.0,124,1463.5035360001893,1475.2136100000826,2,11.710073999893211,470,92,2,decode,2,2,0,0,0.0
0,continuous,32.0,4.0,2,-1.0,125,1475.2136100000826,1486.9662979999703,2,11.752687999887712,470,92,2,decode,2,2,0,0,0.0
0,continuous,32.0,4.0,2,-1.0,126,1486.9662979999703,1499.1490819998035,2,12.182783999833191,470,92,2,decode,2,2,0,0,0.0
0,continuous,32.0,4.0,2,-1.0,127,1499.1490819998035,1511.426465999648,2,12.27738399984446,470,92,2,decode,2,2,0,0,0.0
0,continuous,32.0,4.0,2,-1.0,128,1511.426465999648,1523.4965449999436,2,12.070079000295664,470,92,2,decode,2,2,0,0,0.0
0,continuous,32.0,4.0,2,-1.0,129,1523.4965449999436,1535.6764989996918,2,12.17995399974825,470,92,2,decode,2,2,0,0,0.0
0,continuous,32.0,4.0,2,-1.0,130,1535.6764989996918,1547.5310919996446,2,11.854592999952729,470,92,2,decode,2,2,0,0,0.0
0,continuous,32.0,4.0,2,-1.0,131,1547.5310919996446,1559.7017259997301,2,12.170634000085556,470,92,2,decode,2,2,0,0,0.0
0,continuous,32.0,4.0,2,-1.0,132,1559.7017259997301,1572.2408089995952,2,12.539082999865059,470,92,2,decode,2,2,0,0,0.0
0,continuous,32.0,4.0,2,-1.0,133,1572.2408089995952,1584.259517999726,2,12.018709000130912,470,92,2,decode,2,2,0,0,0.0
0,continuous,32.0,4.0,2,-1.0,134,1584.259517999726,1596.088693999718,2,11.829175999992003,470,92,2,decode,2,2,0,0,0.0
0,continuous,32.0,4.0,2,-1.0,135,1596.088693999718,1608.1912109998484,2,12.10251700013032,470,92,2,decode,2,2,0,0,0.0
0,continuous,32.0,4.0,2,-1.0,136,1608.1912109998484,1620.1718739998796,2,11.9806630000312,470,92,2,decode,2,2,0,0,0.0
0,continuous,32.0,4.0,2,-1.0,137,1620.1718739998796,1631.9539559995064,2,11.782081999626826,470,92,2,decode,2,1,0,0,0.0
0,continuous,32.0,4.0,2,-1.0,138,1631.9539559995064,1637.894829999368,1,5.940873999861651,159,16,32,prefill,32,2,0,0,0.0
0,continuous,32.0,4.0,2,-1.0,139,1637.894829999368,1649.5493239990537,1,11.654493999685656,159,16,32,prefill,32,2,0,0,0.0
0,continuous,32.0,4.0,2,-1.0,140,1649.5493239990537,1661.2416829989343,1,11.692358999880526,159,16,32,prefill,32,2,0,0,0.0
0,continuous,32.0,4.0,2,-1.0,141,1661.2416829989343,1673.1538809990525,1,11.912198000118224,159,16,32,prefill,32,2,0,0,0.0
0,continuous,32.0,4.0,2,-1.0,142,1673.1538809990525,1685.6432969989328,1,12.489415999880293,159,16,31,prefill,31,2,0,0,0.0
0,continuous,32.0,4.0,2,-1.0,143,1685.6432969989328,1697.4746609985232,2,11.831363999590394,470,92,2,decode,2,2,0,0,0.0
0,continuous,32.0,4.0,2,-1.0,144,1697.4746609985232,1709.6202569987327,2,12.14559600020948,470,92,2,decode,2,2,0,0,0.0
0,continuous,32.0,4.0,2,-1.0,145,1709.6202569987327,1721.262790998935,2,11.642534000202431,470,92,2,decode,2,2,0,0,0.0
0,continuous,32.0,4.0,2,-1.0,146,1721.262790998935,1732.9594259986152,2,11.6966349996801,470,92,2,decode,2,2,0,0,0.0
0,continuous,32.0,4.0,2,-1.0,147,1732.9594259986152,1745.0288969985195,2,12.069470999904297,470,92,2,decode,2,2,0,0,0.0
0,continuous,32.0,4.0,2,-1.0,148,1745.0288969985195,1757.1570409986634,2,12.128144000143948,470,92,2,decode,2,2,0,0,0.0
0,continuous,32.0,4.0,2,-1.0,149,1757.1570409986634,1769.2341489987484,2,12.07710800008499,470,92,2,decode,2,2,0,0,0.0
0,continuous,32.0,4.0,2,-1.0,150,1769.2341489987484,1781.5931959985392,2,12.359046999790735,470,92,2,decode,2,2,0,0,0.0
0,continuous,32.0,4.0,2,-1.0,151,1781.5931959985392,1793.327635998594,2,11.734440000054747,470,92,2,decode,2,2,0,0,0.0
0,continuous,32.0,4.0,2,-1.0,152,1793.327635998594,1808.6265709985128,2,15.298934999918856,470,92,2,decode,2,2,0,0,0.0
0,continuous,32.0,4.0,2,-1.0,153,1808.6265709985128,1822.4389079982757,2,13.81233699976292,470,92,2,decode,2,2,0,0,0.0
0,continuous,32.0,4.0,2,-1.0,154,1822.4389079982757,1833.9581599980193,2,11.519251999743574,470,92,2,decode,2,2,0,0,0.0
0,continuous,32.0,4.0,2,-1.0,155,1833.9581599980193,1846.4888379980948,2,12.530678000075568,470,92,2,decode,2,2,0,0,0.0
0,continuous,32.0,4.0,2,-1.0,156,1846.4888379980948,1858.02329499802,2,11.534456999925169,470,92,2,decode,2,2,0,0,0.0
0,continuous,32.0,4.0,2,-1.0,157,1858.02329499802,1870.3202729980148,2,12.296977999994851,470,92,2,decode,2,1,0,0,0.0
0,continuous,32.0,4.0,2,-1.0,158,1870.3202729980148,1876.7355189979753,1,6.415245999960462,102,37,32,prefill,32,2,0,0,0.0
0,continuous,32.0,4.0,2,-1.0,159,1876.7355189979753,1888.9423879982132,1,12.20686900023793,102,37,32,prefill,32,2,0,0,0.0
0,continuous,32.0,4.0,2,-1.0,160,1888.9423879982132,1901.7617139979848,1,12.819325999771536,102,37,32,prefill,32,2,0,0,0.0
0,continuous,32.0,4.0,2,-1.0,161,1901.7617139979848,1916.234429997985,1,14.472716000000219,102,37,6,prefill,6,2,0,0,0.0
0,continuous,32.0,4.0,2,-1.0,162,1916.234429997985,1928.7930619980216,2,12.558632000036596,470,92,2,decode,2,2,0,0,0.0
0,continuous,32.0,4.0,2,-1.0,163,1928.7930619980216,1940.3498099977696,2,11.55674799974804,470,92,2,decode,2,2,0,0,0.0
0,continuous,32.0,4.0,2,-1.0,164,1940.3498099977696,1952.1623349978654,2,11.812525000095775,470,92,2,decode,2,2,0,0,0.0
0,continuous,32.0,4.0,2,-1.0,165,1952.1623349978654,1964.265857997816,2,12.103522999950656,470,92,2,decode,2,2,0,0,0.0
0,continuous,32.0,4.0,2,-1.0,166,1964.265857997816,1975.9692379975604,2,11.703379999744357,470,92,2,decode,2,2,0,0,0.0
0,continuous,32.0,4.0,2,-1.0,167,1975.9692379975604,1988.5325789978197,2,12.563341000259243,470,92,2,decode,2,2,0,0,0.0
0,continuous,32.0,4.0,2,-1.0,168,1988.5325789978197,2000.9362629980387,2,12.403684000219073,470,92,2,decode,2,2,0,0,0.0
0,continuous,32.0,4.0,2,-1.0,169,2000.9362629980387,2013.0304489980517,2,12.094186000012996,470,92,2,decode,2,2,0,0,0.0
0,continuous,32.0,4.0,2,-1.0,170,2013.0304489980517,2028.4412959981637,2,15.410847000111971,470,92,2,decode,2,2,0,0,0.0
0,continuous,32.0,4.0,2,-1.0,171,2028.4412959981637,2041.7421519982781,2,13.300856000114436,470,92,2,decode,2,2,0,0,0.0
0,continuous,32.0,4.0,2,-1.0,172,2041.7421519982781,2054.4426239985114,2,12.700472000233276,470,92,2,decode,2,2,0,0,0.0
0,continuous,32.0,4.0,2,-1.0,173,2054.4426239985114,2066.487996998603,2,12.045373000091786,470,92,2,decode,2,2,0,0,0.0
0,continuous,32.0,4.0,2,-1.0,174,2066.487996998603,2078.828934998455,2,12.34093799985203,470,92,2,decode,2,2,0,0,0.0
0,continuous,32.0,4.0,2,-1.0,175,2078.828934998455,2090.71453399838,2,11.885598999924696,470,92,2,decode,2,2,0,0,0.0
0,continuous,32.0,4.0,2,-1.0,176,2090.71453399838,2102.987051998298,2,12.272517999917909,470,92,2,decode,2,2,0,0,0.0
0,continuous,32.0,4.0,2,-1.0,177,2102.987051998298,2114.770780998242,2,11.783728999944287,470,92,2,decode,2,2,0,0,0.0
0,continuous,32.0,4.0,2,-1.0,178,2114.770780998242,2127.288304998274,2,12.517524000031699,470,92,2,decode,2,2,0,0,0.0
0,continuous,32.0,4.0,2,-1.0,179,2127.288304998274,2142.629041998134,2,15.340736999860383,470,92,2,decode,2,2,0,0,0.0
0,continuous,32.0,4.0,2,-1.0,180,2142.629041998134,2155.22139399809,2,12.592351999956009,470,92,2,decode,2,2,0,0,0.0
0,continuous,32.0,4.0,2,-1.0,181,2155.22139399809,2167.213951998292,2,11.992558000201825,470,92,2,decode,2,2,0,0,0.0
0,continuous,32.0,4.0,2,-1.0,182,2167.213951998292,2178.654080998058,2,11.440128999765875,470,92,2,decode,2,2,0,0,0.0
0,continuous,32.0,4.0,2,-1.0,183,2178.654080998058,2190.8305449978798,2,12.176463999821863,470,92,2,decode,2,2,0,0,0.0
0,continuous,32.0,4.0,2,-1.0,184,2190.8305449978798,2203.0220209981053,2,12.19147600022552,470,92,2,decode,2,2,0,0,0.0
0,continuous,32.0,4.0,2,-1.0,185,2203.0220209981053,2215.177876998496,2,12.155856000390486,470,92,2,decode,2,2,0,0,0.0
0,continuous,32.0,4.0,2,-1.0,186,2215.177876998496,2227.263190998201,2,12.08531399970525,470,92,2,decode,2,2,0,0,0.0
0,continuous,32.0,4.0,2,-1.0,187,2227.263190998201,2239.3353559982643,2,12.07216500006325,470,92,2,decode,2,2,0,0,0.0
0,continuous,32.0,4.0,2,-1.0,188,2239.3353559982643,2251.6975369981083,2,12.362180999843986,470,92,2,decode,2,2,0,0,0.0
0,continuous,32.0,4.0,2,-1.0,189,2251.6975369981083,2264.516837998144,2,12.81930100003592,470,92,2,decode,2,2,0,0,0.0
0,continuous,32.0,4.0,2,-1.0,190,2264.516837998144,2275.8768529979534,2,11.36001499980921,470,92,2,decode,2,2,0,0,0.0
0,continuous,32.0,4.0,2,-1.0,191,2275.8768529979534,2289.7693699978845,2,13.892516999931104,470,92,2,decode,2,2,0,0,0.0
0,continuous,32.0,4.0,2,-1.0,192,2289.7693699978845,2303.8125759981085,2,14.043206000224018,470,92,2,decode,2,2,0,0,0.0
0,continuous,32.0,4.0,2,-1.0,193,2303.8125759981085,2316.5910379980232,2,12.778461999914725,470,92,2,decode,2,2,0,0,0.0
0,continuous,32.0,4.0,2,-1.0,194,2316.5910379980232,2328.3828179983175,2,11.791780000294239,470,92,2,decode,2,2,0,0,0.0
0,continuous,32.0,4.0,2,-1.0,195,2328.3828179983175,2340.5846359983116,2,12.201817999994091,470,92,2,decode,2,2,0,0,0.0
0,continuous,32.0,4.0,2,-1.0,196,2340.5846359983116,2352.507351998156,2,11.922715999844513,470,92,2,decode,2,2,0,0,0.0
0,continuous,32.0,4.0,2,-1.0,197,2352.507351998156,2364.2161579978165,2,11.708805999660399,470,92,2,decode,2,1,0,0,0.0
0,continuous,32.0,4.0,2,-1.0,198,2364.2161579978165,2371.3783909975064,1,7.162232999689877,145,37,32,prefill,32,2,0,0,0.0
0,continuous,32.0,4.0,2,-1.0,199,2371.3783909975064,2383.3281839974916,1,11.94979299998522,145,37,32,prefill,32,2,0,0,0.0
0,continuous,32.0,4.0,2,-1.0,200,2383.3281839974916,2396.4218229975813,1,13.093639000089752,145,37,32,prefill,32,2,0,0,0.0
0,continuous,32.0,4.0,2,-1.0,201,2396.4218229975813,2408.3842979976,1,11.962475000018458,145,37,32,prefill,32,2,0,0,0.0
0,continuous,32.0,4.0,2,-1.0,202,2408.3842979976,2421.046954997564,1,12.662656999964383,145,37,17,prefill,17,2,0,0,0.0
0,continuous,32.0,4.0,2,-1.0,203,2421.046954997564,2433.494354997947,2,12.447400000382913,470,92,2,decode,2,2,0,0,0.0
0,continuous,32.0,4.0,2,-1.0,204,2433.494354997947,2445.8888399981333,2,12.39448500018625,470,92,2,decode,2,1,0,0,0.0
0,continuous,32.0,4.0,2,-1.0,205,2445.8888399981333,2456.3281029982136,1,10.439263000080246,145,37,1,decode,1,1,0,0,0.0
0,continuous,32.0,4.0,2,-1.0,206,2456.3281029982136,2467.1569559982345,1,10.8288530000209,145,37,1,decode,1,1,0,0,0.0
0,continuous,32.0,4.0,2,-1.0,207,2467.1569559982345,2480.5605749979804,1,13.403618999745959,145,37,1,decode,1,1,0,0,0.0
0,continuous,32.0,4.0,2,-1.0,208,2480.5605749979804,2492.2948739977073,1,11.734298999726889,145,37,1,decode,1,1,0,0,0.0
0,continuous,32.0,4.0,2,-1.0,209,2492.2948739977073,2502.6972979976563,1,10.402423999948951,145,37,1,decode,1,1,0,0,0.0
0,continuous,32.0,4.0,2,-1.0,210,2502.6972979976563,2513.4867349979686,1,10.789437000312319,145,37,1,decode,1,1,0,0,0.0
0,continuous,32.0,4.0,2,-1.0,211,2513.4867349979686,2523.929427998155,1,10.44269300018641,145,37,1,decode,1,1,0,0,0.0
0,continuous,32.0,4.0,2,-1.0,212,2523.929427998155,2534.8077499984356,1,10.878322000280605,145,37,1,decode,1,1,0,0,0.0
0,continuous,32.0,4.0,2,-1.0,213,2534.8077499984356,2545.2631559983274,1,10.45540599989181,145,37,1,decode,1,1,0,0,0.0
0,continuous,32.0,4.0,2,-1.0,214,2545.2631559983274,2556.4764659984576,1,11.21331000013015,145,37,1,decode,1,1,0,0,0.0
0,continuous,32.0,4.0,2,-1.0,215,2556.4764659984576,2566.6261699984716,1,10.149704000014026,145,37,1,decode,1,1,0,0,0.0
0,continuous,32.0,4.0,2,-1.0,216,2566.6261699984716,2577.5724269983584,1,10.946256999886828,145,37,1,decode,1,1,0,0,0.0
0,continuous,32.0,4.0,2,-1.0,217,2577.5724269983584,2588.636970998323,1,11.064543999964371,145,37,1,decode,1,1,0,0,0.0
0,continuous,32.0,4.0,2,-1.0,218,2588.636970998323,2599.514216998159,1,10.877245999836305,145,37,1,decode,1,1,0,0,0.0
0,continuous,32.0,4.0,2,-1.0,219,2599.514216998159,2609.7435499982566,1,10.22933300009754,145,37,1,decode,1,1,0,0,0.0
0,continuous,32.0,4.0,2,-1.0,220,2609.7435499982566,2620.416759998079,1,10.673209999822575,145,37,1,decode,1,1,0,0,0.0
0,continuous,32.0,4.0,2,-1.0,221,2620.416759998079,2630.398163998052,1,9.981403999972827,145,37,1,decode,1,1,0,0,0.0
0,continuous,32.0,4.0,2,-1.0,222,2630.398163998052,2640.878120997968,1,10.479956999915885,145,37,1,decode,1,1,0,0,0.0
0,continuous,32.0,4.0,2,-1.0,223,2640.878120997968,2652.112467997995,1,11.2343470000269,145,37,1,decode,1,1,0,0,0.0
0,continuous,32.0,4.0,2,-1.0,224,2652.112467997995,2665.219374998287,1,13.106907000292267,145,37,1,decode,1,1,0,0,0.0
0,continuous,32.0,4.0,2,-1.0,225,2665.219374998287,2676.3399819978986,1,11.120606999611482,145,37,1,decode,1,1,0,0,0.0
0,continuous,32.0,4.0,2,-1.0,226,2676.3399819978986,2686.7352699978255,1,10.39528799992695,145,37,1,decode,1,1,0,0,0.0
0,continuous,32.0,4.0,2,-1.0,227,2686.7352699978255,2697.41535799767,1,10.680087999844545,145,37,1,decode,1,1,0,0,0.0
0,continuous,32.0,4.0,2,-1.0,228,2697.41535799767,2707.472560997303,1,10.057202999632864,145,37,1,decode,1,1,0,0,0.0
0,continuous,32.0,4.0,2,-1.0,229,2707.472560997303,2718.125078997218,1,10.65251799991529,145,37,1,decode,1,1,0,0,0.0
0,continuous,32.0,4.0,2,-1.0,230,2718.125078997218,2728.1144749972555,1,9.989396000037232,145,37,1,decode,1,1,0,0,0.0
0,continuous,32.0,4.0,2,-1.0,231,2728.1144749972555,2738.557356997262,1,10.442882000006648,145,37,1,decode,1,1,0,0,0.0
0,continuous,32.0,4.0,2,-1.0,232,2738.557356997262,2748.6478769969835,1,10.090519999721437,145,37,1,decode,1,1,0,0,0.0
0,continuous,32.0,4.0,2,-1.0,233,2748.6478769969835,2759.2619609968096,1,10.614083999826107,145,37,1,decode,1,1,0,0,0.0
0,continuous,32.0,4.0,2,-1.0,234,2759.2619609968096,2770.1607619969764,1,10.898801000166713,145,37,1,decode,1,1,0,0,0.0
0,continuous,32.0,4.0,2,-1.0,235,2770.1607619969764,2782.4812639969423,1,12.320501999965927,145,37,1,decode,1,1,0,0,0.0
0,continuous,32.0,4.0,2,-1.0,236,2782.4812639969423,2795.1777949970165,1,12.696531000074174,145,37,1,decode,1,1,0,0,0.0
0,continuous,32.0,4.0,2,-1.0,237,2795.1777949970165,2805.8152889971097,1,10.637494000093284,145,37,1,decode,1,1,0,0,0.0
0,continuous,32.0,4.0,2,-1.0,238,2805.8152889971097,2815.9738339973046,1,10.158545000194863,145,37,1,decode,1,0,0,0,0.0
